{"cameraMode":{"drawMode":0,"name":"Shaded","section":"Shading Mode"},"sceneLighting":true,"audioPlay":false,"sceneViewState":{"m_AlwaysRefresh":false,"showFog":true,"showSkybox":true,"showFlares":true,"showImageEffects":true,"showParticleSystems":true,"showVisualEffectGraphs":true,"m_FxEnabled":true},"in2DMode":false,"pivot":{"x":1.5919075012207032,"y":-10.606563568115235,"z":8.369611740112305},"rotation":{"x":-0.3984450697898865,"y":-0.003041689284145832,"z":0.0009340350516140461,"w":-0.9172047972679138},"size":7.766206741333008,"orthographic":false}